Address,Email,HotelAmenities,Latitude,Longitude,Name,Phone,Price,ProductType,Rating,Reviews,RoomAmenities,Tags,Url
"No. 505, 5TH MAIN, VIJAYA BANK COLONY,BANNERGHATTA ROAD, BEHIND IIM, NEAR AYYAPPASWAMI TEMPLE,BANGALORE",hello@mistay.in,"wifi, parking, foreign exchange, doctor on call, laundry system, travel desk, pay by card, smoke detector, elevator, car rental, ironing",12.893354,77.607074,Nestelinn By Rivido,+91 9821344568,2977,Hotel,4,10,,,https://www.mistay.in/hotels-in-bangalore/nestelinn-by-rivido/
"Bannerghatta Main Road Opp. IIM Bangalore, Next to Apollo and Fortis Hospital, 560076 Bangalore, India",hello@mistay.in,"wifi, pay by card, elevator",13.059219,77.592504,Guru Comforts,+91 9821344568,1786,Hotel,4,10,,,https://www.mistay.in/hotels-in-bangalore/guru-comforts/
"4, 20th Main Rd, Next Sapna Book House, KHB Colony, 7th Block, Koramangala, Bengaluru, Karnataka 560095",hello@mistay.in,"wifi, parking, gym, conference hall, banquet hall, doctor on call, laundry system, luggage room, travel desk, pay by card, smoke detector, elevator, restaurant, car rental, ironing",12.936462,77.614467,SS Lumina Hotel,+91 9821344568,7145,Hotel,4,10,,,https://www.mistay.in/hotels-in-bangalore/ss-lumina-hotel/
"65/66 Sadguru complex, Opp IIMB, Near Appollo & Fortis Hospital, Banerghatta Road, Billekhahalli",hello@mistay.in,"wifi, parking, foreign exchange, doctor on call, laundry system, luggage room, travel desk, pay by card, elevator, car rental",12.901935,77.602701,Brahma Inn,+91 9821344568,1786,Hotel,4,10,,,https://www.mistay.in/hotels-in-bangalore/brahma-inn/
"#512, 7th main, Amarjothi layout west wing, Opp Dell, Domlur 560071",hello@mistay.in,"wifi, parking, laundry system, pay by card, elevator, restaurant, ironing",12.952710,77.637786,Hotel 12 Degrees West,+91 9821344568,2143,Hotel,5.0,1,,,https://www.mistay.in/hotels-in-bangalore/hotel-12-degrees-west/
"Thamarai kannan road Ulsoor next to TVS Bike showroom, Ulsoor, 560008 Bangalore, India",hello@mistay.in,"wifi, pay by card, elevator",12.972283,77.565675,Metro Inn,+91 9821344568,1429,Hotel,4,10,,,https://www.mistay.in/hotels-in-bangalore/metro-inn/
"282 - 285, Intermediate Ring Rd, Amarjyothi Domlur, 1st Stage, Vyalikaval HBCS Layout, Civil Area, Bengaluru, Karnataka 560071",hello@mistay.in,"wifi, parking, gym, banquet hall, laundry system, luggage room, pay by card, elevator, restaurant",12.955559,77.641233,Ramada Encore,+91 9821344568,2382,Hotel,4.5,9,,,https://www.mistay.in/hotels-in-bangalore/ramada-encore/
"350, 1st Stage, 12th A Cross, Off Double Road, Opp Value Mart, Indiranagar, Bengaluru, Karnataka 560038",hello@mistay.in,"wifi, parking, travel desk, pay by card, elevator, restaurant, car rental",12.979270,77.637480,Hotel City Centre Residency,+91 9821344568,3334,Hotel,4.0,41,,,https://www.mistay.in/hotels-in-bangalore/hotel-city-centre-residency/
"# 50/1, Meenal Tower, Residency Road, Bengaluru- 560021",hello@mistay.in,"wifi, parking, banquet hall, laundry system, luggage room, pay by card, elevator, restaurant, car rental",12.972957,77.609676,Hotel Meenal,+91 9821344568,2382,Hotel,3.5,51,,,https://www.mistay.in/hotels-in-bangalore/meenal-hotel/
"NO 5, BTM 2ND STAGE BANGALORE-560076",hello@mistay.in,"wifi, parking, travel desk, pay by card, restaurant",12.926790,77.604100,Krishna Vaibhav,+91 9821344568,2022,Hotel,4,10,,,https://www.mistay.in/hotels-in-bangalore/krishna-vaibhav/
NO.1503/27 40TH CROSS 4TH BLOCK JAYANAGAR 9TH BLOCK OLD BUS STAND,hello@mistay.in,"wifi, parking, banquet hall, foreign exchange, doctor on call, laundry system, luggage room, travel desk, pay by card, smoke detector, elevator, restaurant, car rental, ironing",12.920080,77.592480,Grk Comforts By Standford Hotels,+91 9821344568,1905,Hotel,4.5,6,,,https://www.mistay.in/hotels-in-bangalore/grk-comforts-by-standford-hotels/
"#77, 2nd cross, 3rd Main, Doresanipalya, IIMB Post, Next to Kalyani Magnum Tech Park, JP Nagar, 4th Phase",hello@mistay.in,"wifi, parking, luggage room, pay by card",12.901240,77.595030,Treebo Trend Stay Tuned,+91 9821344568,1308,Hotel,4,10,,,https://www.mistay.in/hotels-in-bangalore/treebo-trend-stay-tuned/
"1157, Aurobindo Marg, 4th T Block East, Pattabhirama Nagar, Jayanagar, Bengaluru, Karnataka 560041",hello@mistay.in,"wifi, parking, doctor on call, laundry system, luggage room, travel desk, pay by card, smoke detector, elevator, car rental, ironing",12.928390,77.586460,Fern Leaf By Stanford Hotels,+91 9821344568,1905,Hotel,3.5,12,,,https://www.mistay.in/hotels-in-bangalore/fern-leaf-by-stanford-hotels/
"#37/1, Railway Parallel Rd, Dr.Ambedkar Nagar, Yeswanthpur, Bengaluru, Karnataka 560022",hello@mistay.in,"wifi, parking, banquet hall, doctor on call, luggage room, pay by card, elevator, restaurant, ironing",13.020470,77.554520,Signum Cityscapes Grand Bee Bangalore,+91 9821344568,3572,Hotel,4.0,191,,,https://www.mistay.in/hotels-in-bangalore/signum-cityscapes-grand-bee-bangalore/
"#129, 2nd Cross, Amar Jyothi Layout, Domlur, Bangalore",hello@mistay.in,"wifi, parking, doctor on call, laundry system, travel desk, pay by card, news paper, ironing",12.957012,77.641484,Serenity Inn,+91 9821344568,2737,Hotel,3.0,9,,,https://www.mistay.in/hotels-in-bangalore/serenity-inn/
"#3, 27th Cross, Banashankari 2nd Stage, Bangalore - 560070",hello@mistay.in,"wifi, parking, conference hall, foreign exchange, doctor on call, laundry system, luggage room, travel desk, pay by card, news paper, elevator, car rental, ironing",12.920755,77.583281,Hotel Pai Vista,+91 9821344568,3572,Hotel,4.5,58,,,https://www.mistay.in/hotels-in-bangalore/hotel-pai-vista/
"# 16 Patel Narayana Reddy Layout, 3 rd. Cross, 80 ft. Main Road, Koramangala, Bangalore - 560095.",hello@mistay.in,"wifi, parking, doctor on call, elevator, ironing",12.939760,77.626790,High Q Suites,+91 9821344568,2620,Hotel,4,10,,,https://www.mistay.in/hotels-in-bangalore/high-q-suites/
"52, 4, Outer Ring Rd, opp. to Passport Office, Devarabisanahalli, Bellandur, Bengaluru, Karnataka 560103",hello@mistay.in,"wifi, parking, conference hall, banquet hall, spa facility, doctor on call, laundry system, luggage room, travel desk, pay by card, smoke detector, elevator, restaurant, car rental, ironing",12.925054,77.694577,Hotel Shreyas Inn,+91 9821344568,1786,Hotel,4,10,,,https://www.mistay.in/hotels-in-bangalore/hotel-shreyas-inn/
"90/4, Outer Ring Road, Marthahalli,",hello@mistay.in,"wifi, parking",12.949758,77.699013,Hotel Scarlet,+91 9821344568,1786,Hotel,4,10,,,https://www.mistay.in/hotels-in-bangalore/hotel-scarlet/
"A-17, A-18, 6th Main Road, Kempegowda International Airport Road, near Viva Toyota Showroom, Chandramouleshwara Nagar, Hunasamaranahalli, Bengaluru, Karnataka 562157",hello@mistay.in,"wifi, parking, doctor on call, laundry system, travel desk, pay by card, elevator, restaurant, car rental, ironing",13.147739,77.619819,Air Avenue Hotel,+91 9821344568,2977,Hotel,4.5,19,,,https://www.mistay.in/hotels-in-bangalore/air-avenue-hotel/
"Suraksha Residency, No 122, 6th Cross Rd, Gandhi Nagar, Bengaluru, Karnataka 560009",hello@mistay.in,"wifi, parking, laundry system, luggage room, travel desk, pay by card, elevator, restaurant, car rental",12.979293,77.578391,Suraksha residency,+91 9821344568,1905,Hotel,4,10,,,https://www.mistay.in/hotels-in-bangalore/suraksha-residency/
"""No. 255/A, KIADB, Near Narayana Hridayalaya, Hosur Main Road,Bommasandra Industrial Area,Bangalore Urban-",hello@mistay.in,"wifi, parking, doctor on call, pay by card",12.808063,77.697123,Hotel Jade Empire,+91 9821344568,1784,Hotel,2.0,4,,,https://www.mistay.in/hotels-in-bangalore/hotel-jade-empire/
"NO 70,R J Garden, R K Puram, Aswath Nagar,Marathahalli,Bangalore560037",hello@mistay.in,"wifi, parking, banquet hall, foreign exchange, doctor on call, laundry system, luggage room, travel desk, pay by card, smoke detector, elevator, restaurant, car rental, ironing",12.962632,77.699092,Silver Key Hotel,+91 9821344568,2620,Hotel,4,10,,,https://www.mistay.in/hotels-in-bangalore/silver-key-hotel/
"opp State bank of India Next To Dominos Pizza Sai Colony Kadugodi, 560067 Bangalore, India",hello@mistay.in,"wifi, parking, pay by card, elevator",13.003223,77.757000,Hotel Srisathyasai,+91 9821344568,2382,Hotel,4,10,,,https://www.mistay.in/hotels-in-bangalore/hotel-srisathyasai-1/
"19/2,ROBERTSON ROAD, FRASER TOWN, BANGALORE",hello@mistay.in,"wifi, parking, foreign exchange, doctor on call, laundry system, luggage room, travel desk, pay by card, smoke detector, elevator, restaurant, car rental, ironing",12.998313,77.613177,Grand Savoury Suites,+91 9821344568,2143,Hotel,3.5,12,,,https://www.mistay.in/hotels-in-bangalore/grand-savoury-suites/
"No 27/32 and  27/33 dubasipalya,maruthi nagar,near R V college post,Bengaluru",hello@mistay.in,"wifi, parking, travel desk",12.987804,77.573312,Balaji Rooms,+91 9821344568,1903,Hotel,4,10,,,https://www.mistay.in/hotels-in-bangalore/balaji-rooms/
"79/8, Diagonal Road, 3rd Block,Jayanagar, Bengaluru, Karnataka 560011",hello@mistay.in,"wifi, parking, gym, bar, conference hall, banquet hall, foreign exchange, doctor on call, laundry system, luggage room, travel desk, pay by card, fax, news paper, elevator, restaurant, car rental, ironing",12.933277,77.583281,The President Hotel,+91 9821344568,4763,Hotel,4.0,278,,,https://www.mistay.in/hotels-in-bangalore/the-president-hotel/
"793/1, 17th E Main, 59th Cross, 5th Block, Rajaji Nagar,",hello@mistay.in,"wifi, travel desk, pay by card, elevator",12.986021,77.552259,Shival Residency,+91 9821344568,2380,Hotel,4,10,,,https://www.mistay.in/hotels-in-bangalore/shival-residency/
"7, 5th Cross Rd, Kaggadasapura, Subbaiyapalya, Banaswadi, Bengaluru, Karnataka 560043",hello@mistay.in,"wifi, travel desk, pay by card, elevator",13.008541,77.643327,Hotel El Cielo,+91 9821344568,2380,Hotel,4.5,17,,,https://www.mistay.in/hotels-in-bangalore/hotel-el-cielo/
"93, Bannerghatta Road, Arakere, Omkar Nagar, 211, 3Rd Cross Road, Omkar Nagar, Arekere",hello@mistay.in,"wifi, travel desk, pay by card, elevator",12.882660,77.594628,Metro Vista,+91 9821344568,2380,Hotel,4,10,,,https://www.mistay.in/hotels-in-bangalore/metro-vista/
"""111/1, Pvs Convent Road, New Channasandra Extn., Kadugodi post, Bangalore-560067",hello@mistay.in,"wifi, doctor on call, pay by card",12.981700,77.766518,Glow stay,+91 9821344568,1903,Hotel,4,10,,,https://www.mistay.in/hotels-in-bangalore/glow-stay/
"180, Amarjyoti Layout,EGL, Domlur, Bengaluru, Karnataka 560071",hello@mistay.in,"wifi, travel desk, pay by card, elevator",12.955785,77.642148,Status suites,+91 9821344568,2380,Hotel,4.5,9,,,https://www.mistay.in/hotels-in-bangalore/status-suites/
H.N  26 4 th A CROSS BHUVANESHWARIA NAGAR MAIN ROAD HEBBAL BLR -24,hello@mistay.in,"wifi, parking, travel desk",13.015106,77.633798,Silver suits,+91 9821344568,1903,Hotel,4,10,,,https://www.mistay.in/hotels-in-bangalore/silver-suits/
"No-1850 14th Cross Road, 20th Main Rd, Vanganahalli, 1st Sector, HSR Layout, Bengaluru, Karnataka 560102",hello@mistay.in,"wifi, parking, foreign exchange, doctor on call, luggage room, travel desk, pay by card, elevator, car rental, ironing",12.914983,77.643286,Coffee Bean Inn Service Apartments,+91 9821344568,2975,Hotel,4,10,,,https://www.mistay.in/hotels-in-bangalore/coffee-bean-inn-service-apartments/
"NO 111/1/112/3,Kodathi village Varthur hobli,Bangalore East Talluk Sarjapura main road,Bengalore-560035",hello@mistay.in,"wifi, parking, doctor on call, pay by card",12.897828,77.716907,DBR SUITES,+91 9821344568,1427,Hotel,4,10,,,https://www.mistay.in/hotels-in-bangalore/dbr-suites/
"No. 35/A 1st Main JP Nagar 3rd Phase Mini Forest Road,Bangalore",hello@mistay.in,"wifi, parking, conference hall, banquet hall, foreign exchange, doctor on call, laundry system, luggage room, travel desk, pay by card, news paper, smoke detector, elevator, restaurant, car rental, ironing",12.914691,77.598947,The Ambient Turret,+91 9821344568,2679,Hotel,4.0,69,,,https://www.mistay.in/hotels-in-bangalore/the-ambient-turret/
"Plus Point Suites, No 25, AM Square, Ambalipura Village,Harlur Road, Off Sarjapur Road,Bellandur Road, Bangalore",hello@mistay.in,"wifi, parking, restaurant, ironing",12.916447,77.667997,Plus Point Suites,+91 9821344568,2141,Hotel,4,10,,,https://www.mistay.in/hotels-in-bangalore/plus-point-suites/
"S.M.P.Tower, Besaid K, E.B, Chandapura - Anekal Rd, Bengaluru, Karnataka 560099",hello@mistay.in,"wifi, parking, laundry system, luggage room, travel desk, pay by card, elevator, ironing",12.799946,77.705729,A R Guest House,+91 9821344568,857,Hotel,5.0,1,,,https://www.mistay.in/hotels-in-bangalore/a-r-guest-house/
"No.3,Green Leaf Layout, Behind Barista Coffee Bar, Koramangala 4th Block, 4th Cross Road, 80 Feet Road, AVS Layout, Koramangala, Bangalore , 560034",hello@mistay.in,"wifi, parking, spa facility, doctor on call, laundry system, travel desk, pay by card, elevator, ironing",12.935368,77.628809,Maple Green Executive,+91 9821344568,2382,Hotel,4.5,209,,,https://www.mistay.in/hotels-in-bangalore/maple-green-executive/
"Site No. 295, 1st Cross, Neeladri Nagar, Electronic City Phase - I, Wipro Gate No. 16, Bangalore -560100",hello@mistay.in,"wifi, parking, luggage room, pay by card, elevator",12.838456,77.650686,YC Grand by Omatra,+91 9821344568,1903,Hotel,4,10,,,https://www.mistay.in/hotels-in-bangalore/yc-grand-by-omatra/
"#L-191,2nd&3rd Floor,HSR Layout,6th Sector,Near Central Silkboard bustop,Bangalore-560102",hello@mistay.in,"wifi, parking, laundry system, travel desk, restaurant",12.919067,77.624029,Rams 4 seasons,+91 9821344568,2141,Hotel,4,10,,,https://www.mistay.in/hotels-in-bangalore/rams-4-seasons/
"4-4a, Off, Bannerghatta Main Rd, Sarvabhoumanagar, Sundar Ram Shetty Nagar, Bilekahalli, Bengaluru, Karnataka 560076",hello@mistay.in,"wifi, parking, bar, foreign exchange, doctor on call, laundry system, luggage room, travel desk, pay by card, smoke detector, elevator, restaurant, car rental, ironing",12.892410,77.602480,Arama Suites By Stanford Hotels,+91 9821344568,2977,Hotel,4.5,100,,,https://www.mistay.in/hotels-in-bangalore/arama-suites-by-stanford-hotels/
"No.44, Lalbagh fort road, Near Lalbagh main gate, Mavalli",hello@mistay.in,"wifi, parking, travel desk, pay by card, news paper, restaurant",12.956346,77.581448,Minerva Residency,+91 9821344568,857,Hotel,3.5,15,,,https://www.mistay.in/hotels-in-bangalore/minerva-residency/
"45&45/1 Near Town Hall,Opp:Jubilee Park,N.R.Road,Bangalore, SJP Road, Bengaluru, Karnataka 560002",hello@mistay.in,"wifi, parking, doctor on call, laundry system, luggage room, travel desk, elevator, restaurant, ironing",12.963168,77.581948,Lusia Inn,+91 9821344568,857,Hotel,2.5,4,,,https://www.mistay.in/hotels-in-bangalore/lusia-inn/
"#120, 1st Floor, Lavelle Road, Bangalore 560001 â€“ Opp. Hulkul Residency
Distance  From UB City 650 Meters",hello@mistay.in,"parking, doctor on call, laundry system, luggage room, travel desk, pay by card, fax, smoke detector, car rental, ironing",12.968317,77.596584,Villa Lavelle,+91 9821344568,2977,Hotel,4,10,,,https://www.mistay.in/hotels-in-bangalore/villa-lavelle/
"COMPACT TEA PAVILLION  
No. 139, 5th Cross, 17th Main, Koramangala 5th Block
Bangalore 560 095
Near Jyothiniwas College",hello@mistay.in,"parking, doctor on call, laundry system, luggage room, travel desk, pay by card, car rental, ironing",12.996801,77.571574,Compact Tea Pavilion,+91 9821344568,2620,Hotel,4.0,1,,,https://www.mistay.in/hotels-in-bangalore/compact-tea-pavillion/
"COMPACT MAPLE TREE
1815, 5TH BLOCK, TELECOM LAYOUT
HBR LAYOUT
BANGALORE 560 043",hello@mistay.in,"wifi, laundry system",13.035662,77.628530,Compact Maple Tree,+91 9821344568,2858,Hotel,4.0,7,,,https://www.mistay.in/hotels-in-bangalore/compact-maple-tree/
"79/8, Vaibhav Gardens, 2nd Main Road, Kaverappa Layout, Panathur, Bengaluru",hello@mistay.in,"wifi, parking, doctor on call, luggage room, travel desk, pay by card, elevator, ironing",12.935667,77.699038,Hotel Mapletree Inn,+91 9821344568,1846,Hotel,4,10,,,https://www.mistay.in/hotels-in-bangalore/hotel-mapletree-inn/
"Compact Maple Leaf
#56C Survey No. 66, 2nd Floor Opp. Wipro Gate No.5
Wipro Ave. Electronic City Phase 1
Bangalore 560100
Near Wipro Gate 5 &Above KFC",hello@mistay.in,"wifi, parking, gym, foreign exchange, doctor on call, laundry system, luggage room, travel desk, pay by card, fax, smoke detector, car rental, ironing",12.839575,77.659449,Maple Leaf Electronic City,+91 9821344568,3096,Hotel,4.0,1,,,https://www.mistay.in/hotels-in-bangalore/compact-maple-leaf-electronic-city/
"NO 8, SAI ARPNAM, SURANJAN DAS ROAD, SERVICE ROAD, OPP BEML GATE, GEETHANJALI LAYOUT, HAL 3RD STAGE, BANGLORE",hello@mistay.in,"wifi, parking, doctor on call, travel desk, elevator, restaurant",12.975000,77.656550,Hotel Urban jade,+91 9821344568,3451,Hotel,4,10,,,https://www.mistay.in/hotels-in-bangalore/hotel-urban-jade/
"90 railway parallel road yeshwantpur 
Bangalore",hello@mistay.in,"wifi, parking, doctor on call, laundry system, luggage room, travel desk, pay by card, restaurant, car rental, ironing",13.023007,77.550524,Veekay lodge,+91 9821344568,642,Hotel,4.5,113,,,https://www.mistay.in/hotels-in-bangalore/veekay-lodge/
"VIDYANAGAR EAST, RAZAAKPALYA ROAD, UTTANAHALLI BANGLORE",hello@mistay.in,"wifi, parking, bar, foreign exchange, doctor on call, laundry system, luggage room, travel desk, pay by card, smoke detector, restaurant, ironing",13.159500,77.644516,PK Suites Inn,+91 9821344568,1786,Hotel,3.0,3,,,https://www.mistay.in/hotels-in-bangalore/pk-suites-inn/
"SERENE GROVE
4-85/2 SGR Dental College Road
Munnekolala, Off Marathalli Ring Road
Bangalore 560 037",hello@mistay.in,"parking, doctor on call, laundry system, luggage room, travel desk, pay by card, smoke detector, car rental, ironing",12.949758,77.701342,Serene Groove,+91 9821344568,2620,Hotel,4.5,3,,,https://www.mistay.in/hotels-in-bangalore/serene-grove/
"Vidya Nagar Cross Road Behind Aviation College, Chikkajala, Bengaluru",hello@mistay.in,"wifi, parking, conference hall, laundry system, luggage room",13.158469,77.625220,Arra Suites Bangalore Airport,+91 9821344568,2143,Hotel,4.5,276,,,https://www.mistay.in/hotels-in-bangalore/arra-suites/
"Hibiscus Inn 399, 7th Main, Kormangala 3rd Block, Bengaluru, Karnataka 560034",hello@mistay.in,"parking, laundry system, travel desk, pay by card, car rental",12.929527,77.631893,Hibiscuss Inn,+91 9821344568,2620,Hotel,3.5,40,,,https://www.mistay.in/hotels-in-bangalore/hibiscuss-inn/
"#68/2, Zodiac Tower 1st Floor, Richmond Road, near Richmond Road Masjid, Bengaluru, Karnataka 560025",hello@mistay.in,"wifi, parking, foreign exchange, doctor on call, laundry system, travel desk, pay by card, smoke detector, elevator, restaurant, ironing",12.966041,77.605926,Richmond Residency,+91 9821344568,1429,Hotel,4,10,,,https://www.mistay.in/hotels-in-bangalore/richmond-residency/
"COMPACT SUPRALISA    - 
NO. 18/3, SUPRALISA APARTMENT, 2ND CROSS,
Cambridge Layout BANGALORE 560 008
Land Mark: In the line of Cambridge hospital/Opp. Frank Antony School",hello@mistay.in,"parking, doctor on call, laundry system, travel desk, car rental, ironing",12.971071,77.626436,Compact Supralisa,+91 9821344568,2620,Hotel,4.5,8,,,https://www.mistay.in/hotels-in-bangalore/compact-supralisa/
"NO 5,7 ,2 ND CROSS ROAD,MARUTHI NAGAR 1 ST STAGE BTM LAYOUT,BTM LAYOUT,BANGALORE-560029",hello@mistay.in,"wifi, parking, travel desk",17.479370,78.422959,I Residency,+91 9821344568,1903,Hotel,4,10,,,https://www.mistay.in/hotels-in-bangalore/i-residency/
"Kengal Village, Honnenahalli Grama Panchayath Sompura Hobli, Nelamangala, Taluk, Bengaluru, Karnataka 562311",hello@mistay.in,"wifi, swimming pool, parking",13.213161,77.222217,Utsav club and resort,+91 9821344568,2141,Hotel,4,10,,,https://www.mistay.in/hotels-in-bangalore/utsav-club-and-resort/
"No 75 Hospital Road, Balepet Cross, Next to Kotak Mahendra Bank Lane",hello@mistay.in,"wifi, parking, banquet hall, doctor on call, luggage room, pay by card, smoke detector, elevator, restaurant, car rental, ironing",12.973910,77.575566,Hotel Swagath,+91 9821344568,1773,Hotel,4.5,528,,,https://www.mistay.in/hotels-in-bangalore/hotel-swagath/
"# 54 behind esteem Mall
 Chiranjeevi layout Hebbal Bangaloru",hello@mistay.in,"wifi, parking, foreign exchange, doctor on call, laundry system, travel desk, pay by card, smoke detector, elevator, restaurant, car rental, ironing",13.061684,77.593802,Address 24 inn,+91 9821344568,1548,Hotel,4,10,,,https://www.mistay.in/hotels-in-bangalore/address-24-inn/
"#396/48, Huskur Gate, Near Biocon, Opposite Vimalalaya Hospital, Hosur Main Road, Electronic City, Bengaluru 560100, Karnataka",hello@mistay.in,"wifi, parking, bar, conference hall, banquet hall, doctor on call, laundry system, luggage room, travel desk, pay by card, smoke detector, elevator, restaurant, car rental, ironing",12.834917,77.679500,Spring Sky Bangalore By ShriGo Hotels,+91 9821344568,1903,Hotel,4,10,,,https://www.mistay.in/hotels-in-bangalore/spring-skt-bangalore-by-shrigo-hotels/
"3809, 14th Cross, Chinmaya Mission Hospital Rd, Indira Nagar II Stage, Indiranagar, Bengaluru, Karnataka 560038",hello@mistay.in,"wifi, pay by card, elevator",12.973836,77.634758,Nachis bnb,+91 9821344568,1429,Hotel,4,10,,,https://www.mistay.in/hotels-in-bangalore/nachis-bnb/
"No. 30 & 31, 2nd Cross, Bhuvanappa Layout, Tavarekere Main Road, Opposite Forum Mall, Bengaluru, Karnataka 560029",hello@mistay.in,"wifi, parking, conference hall, banquet hall, foreign exchange, doctor on call, laundry system, luggage room, travel desk, pay by card, news paper, smoke detector, elevator, car rental, ironing",12.933625,77.609036,Emirates Suits,+91 9821344568,2024,Hotel,3.5,24,,,https://www.mistay.in/hotels-in-bangalore/emirates-suits/
"2888-2881, 2nd A Main Rd, HAL 3rd Stage, Kodihalli, Bengaluru, Karnataka 560008, India",hello@mistay.in,"wifi, parking, foreign exchange, doctor on call, laundry system, luggage room, travel desk, pay by card, elevator, ironing",12.966845,77.648126,Royal Wood,+91 9821344568,1767,Hotel,3.5,40,,,https://www.mistay.in/hotels-in-bangalore/royal-wood/
"14IC, S.T. Bed Layout, Koramangala 4th Block, Koramangala, Bengaluru, Karnataka 500034",hello@mistay.in,"wifi, parking, banquet hall, foreign exchange, doctor on call, laundry system, luggage room, travel desk, pay by card, news paper, smoke detector, elevator, restaurant, car rental, ironing",12.934078,77.628990,The Bouvice,+91 9821344568,2203,Hotel,4.5,85,,,https://www.mistay.in/hotels-in-bangalore/the-bouvice/
"Brindavan Layout, Opp. Ranna North Gate, Near Decathlon, New International Airport Road, post, Chikkajala, Bengaluru, Karnataka 562157",hello@mistay.in,"wifi, parking, foreign exchange, doctor on call, laundry system, luggage room, travel desk, pay by card, restaurant, car rental, ironing",13.163752,77.631714,Orange Corner,+91 9821344568,1786,Hotel,4.0,68,,,https://www.mistay.in/hotels-in-bangalore/orange-corner/
"Manthralaya Road 67,6th'A'cross road near movieland theatre ananda rao circle gandhi nagar bangalore, 560023 Bangalore, India",hello@mistay.in,"wifi, parking, luggage room, pay by card",12.979830,77.575567,Bcp Suites,+91 9821344568,2261,Hotel,4,10,,,https://www.mistay.in/hotels-in-bangalore/bcp-suites/
"#414, SS Heights, Rama Murthinagar Main Road, opp. to D-mart, Ramamurthinagar, Bangalore - 560 016",hello@mistay.in,"wifi, parking, spa facility, laundry system, luggage room, travel desk, pay by card, elevator, ironing",13.011989,77.667558,Lavish Residency,+91 9821344568,2143,Hotel,4,10,,,https://www.mistay.in/hotels-in-bangalore/lavish-residency/
"#1/11, Laksandra Bus Stop, 13th Cross Hosur Main Road, Wilson Garden, Bangalore 560027",hello@mistay.in,"wifi, parking, gym, conference hall, banquet hall, foreign exchange, doctor on call, laundry system, luggage room, travel desk, fax, smoke detector, elevator, restaurant, car rental, ironing",12.944584,77.596489,The Porch Inn Hotel and Service Apartments,+91 9821344568,2261,Hotel,5.0,10,,,https://www.mistay.in/hotels-in-bangalore/the-porch-inn/
"V-6, Electronics City Phase 1,Industrial Estate, Electronic City, Electronic City, Bengaluru",hello@mistay.in,"wifi, parking, conference hall, banquet hall, laundry system, news paper, elevator, restaurant, car rental, ironing",12.840177,77.663458,Vinaya Royal Inn,+91 9821344568,3215,Hotel,4.0,34,,,https://www.mistay.in/hotels-in-bangalore/vinaya-royal-inn/
"#447/22, Bellandur Circle, Bangalore East Taluk, Opp Central Mall, Near CCD, Next to Vijaya Bank, Bangalore",hello@mistay.in,"wifi, conference hall, banquet hall, doctor on call, laundry system, pay by card, news paper, smoke detector, elevator, restaurant, ironing",12.924200,77.673930,Sri Krishnas Suites,+91 9821344568,2739,Hotel,3.5,26,,,https://www.mistay.in/hotels-in-bangalore/sri-krishnas-suites/
"Sy. No.36/A-1, Hosur Road, Electronic City, Bangalaore-560100
Near BMTC Depot",hello@mistay.in,"wifi, parking, doctor on call, laundry system, pay by card, elevator, restaurant",12.847584,77.671675,Seasons Residency,+91 9821344568,2141,Hotel,3.0,6,,,https://www.mistay.in/hotels-in-bangalore/seasons-residency/
"#41, SHESHADRI ROAD, ANAND RAO CIRCLE, ADJACENT TO AXIS BANK, BENGALURU - 560009",hello@mistay.in,"wifi, parking, gym, bar, conference hall, banquet hall, doctor on call, laundry system, luggage room, travel desk, pay by card, smoke detector, elevator, restaurant, car rental, ironing",12.981065,77.575484,The Citadel Hotel,+91 9821344568,3572,Hotel,4,10,,,https://www.mistay.in/hotels-in-bangalore/the-citadel-hotel/
"#441, 5th Main, 6th Avenue, Teacher's Colony, 1st Block Koramangala, HSR Layout, Bengaluru, Karnataka - 560034",hello@mistay.in,"wifi, parking, laundry system, travel desk, restaurant, car rental, ironing",12.916963,77.631401,Sri Sai Comfort,+91 9821344568,1786,Hotel,5.0,1,,,https://www.mistay.in/hotels-in-bangalore/sri-sai-comfort/
"Site no. 29 S R Layout Main Road , Murugeshpalya Bangalore 560017.",hello@mistay.in,"wifi, parking, conference hall, doctor on call, travel desk, pay by card, elevator, restaurant, car rental",12.955344,77.650749,Pearl Suites,+91 9821344568,2501,Hotel,5.0,1,,,https://www.mistay.in/hotels-in-bangalore/pearl-suites/
"46, 1st Main Rd, Gokula 1st Stage,
Nanjappa Reddy Colony, Mathikere,
Bengaluru, Karnataka",hello@mistay.in,"wifi, swimming pool, parking, foreign exchange, doctor on call, pay by card",13.028182,77.558936,Comfort Inn Insys,+91 9821344568,3572,Hotel,4,10,,,https://www.mistay.in/hotels-in-bangalore/comfort-inn-insys/
"#14/1, Kodigehalli Main Road,
Sahakarnagar, Bangalore-560092",hello@mistay.in,"wifi, swimming pool, parking, gym, bar, conference hall, banquet hall, spa facility, foreign exchange, doctor on call, laundry system, luggage room, travel desk, pay by card, smoke detector, elevator, restaurant, car rental, ironing",13.058366,77.585912,Chairmans Resort,+91 9821344568,2977,Hotel,4.0,326,,,https://www.mistay.in/hotels-in-bangalore/chairmans-resort/
"Plot 2, Bhadrappa Layout, Outer Ring Road, Hebbal",hello@mistay.in,"wifi, parking, laundry system, elevator",13.047930,77.575500,Ring View Hotels,+91 9821344568,3191,Hotel,4,10,,,https://www.mistay.in/hotels-in-bangalore/ring-view-hotels/
"4 GM-426, Outer Ring Rd, HRBR Layout 2nd Block, HRBR Layout, Kalyan Nagar, Bangalore",hello@mistay.in,"wifi, parking, bar, conference hall, banquet hall, foreign exchange, doctor on call, laundry system, luggage room, travel desk, pay by card, fax, news paper, elevator, restaurant, car rental, ironing",13.030059,77.639437,The Hotel Jamayca,+91 9821344568,2977,Hotel,3.5,34,,,https://www.mistay.in/hotels-in-bangalore/the-hotel-jamayca/
"7, Devanga Samaja Rd, Near HCG Hospital, Sampangi Rama Nagar, 10th Main, Bengaluru, Karnataka 560027",hello@mistay.in,"wifi, parking, conference hall, banquet hall, doctor on call, laundry system, luggage room, pay by card, fax, smoke detector, elevator, restaurant, car rental, ironing",12.968514,77.588557,Hotel VT Paradise,+91 9821344568,4168,Hotel,3.5,51,,,https://www.mistay.in/hotels-in-bangalore/hotel-v-t-paradise/
"#8, 8th Main, 4th Block Koramangala, Bengaluru - 560034",hello@mistay.in,"wifi, parking, doctor on call, laundry system, luggage room, pay by card, ironing",12.933363,77.624335,Meenal Nest,+91 9821344568,2679,Hotel,4,10,,,https://www.mistay.in/hotels-in-bangalore/meenal-nest/
"Sharavathi Castle, Brundavan Layout, Chikkajala Post,, International Airport Road, Bangalore North, Bangalore, Karnataka 562157",hello@mistay.in,"wifi, parking, conference hall, banquet hall, doctor on call, laundry system, luggage room, travel desk, pay by card, smoke detector, elevator, restaurant, car rental, ironing",13.163822,77.631582,The Silicon Inn Bangalore,+91 9821344568,3334,Hotel,4.0,13,,,https://www.mistay.in/hotels-in-bangalore/ranna-northgate/
"No.4 & 4A, Hesarghatta Main Road, Geleyara Balaga Layout, Jalahalli West Besides NRR HospitalBengaluru, Karnataka 560090",hello@mistay.in,"wifi, parking, gym, conference hall, banquet hall, spa facility, foreign exchange, doctor on call, laundry system, luggage room, travel desk, pay by card, discotheque, restaurant, car rental, ironing",13.072391,77.503546,Silicon Suites- A Unit of Silicon Inn,+91 9821344568,2977,Hotel,5.0,70,,,https://www.mistay.in/hotels-in-bangalore/hotel-rajvista-suites-convention/
"36, Vinayaka Layout, Santhipura, Electronic City Phase 2, Bangalore 560100",hello@mistay.in,"wifi, parking, luggage room, elevator, restaurant",12.847830,77.682765,SAP Golden Grande,+91 9821344568,1786,Hotel,4,10,,,https://www.mistay.in/hotels-in-bangalore/sap-golden-grande/
"#36/2, Royal Suites Hotel Apartments, Hennur Ring Road Junction, Kalyan Nagar Post, Bangalore - 560043",hello@mistay.in,"wifi, parking, conference hall, banquet hall, laundry system, travel desk, elevator, car rental",13.027844,77.633869,Royal Suites Hotel Apartments,+91 9821344568,2856,Hotel,3.5,22,,,https://www.mistay.in/hotels-in-bangalore/royal-suites-hotel-apartments/
"#44, Millers Road, Vasanthnagar, Bangalore",hello@mistay.in,"wifi, parking, bar, conference hall, doctor on call, luggage room, travel desk, pay by card, news paper, smoke detector, elevator, restaurant, car rental, ironing",12.991338,77.594019,Young Island Comforts,+91 9821344568,2977,Hotel,4.0,34,,,https://www.mistay.in/hotels-in-bangalore/young-island-comforts/
"#220, 10TH MAIN. 1ST BLOCK, HRBR LAYOUT, KALYAN NAGAR, BANGALORE",hello@mistay.in,"wifi, parking, foreign exchange, laundry system, travel desk, pay by card, ironing",13.017945,77.652407,Olive Residency,+91 9821344568,2737,Hotel,3.5,2,,,https://www.mistay.in/hotels-in-bangalore/olive-residency/
"No 92,MSR towers,J C road,",hello@mistay.in,"wifi, parking, foreign exchange, doctor on call, laundry system, travel desk, pay by card, elevator, car rental",12.961377,77.583878,Townhall hotel,+91 9821344568,750,Hotel,4.5,9,,,https://www.mistay.in/hotels-in-bangalore/townhallhotel/
"#1/3, Artillery Road, Cambridge Layout, Ulsoor, Bangalore 560008",hello@mistay.in,"wifi, parking, conference hall, banquet hall, foreign exchange, doctor on call, laundry system, luggage room, travel desk, pay by card, fax, smoke detector, elevator, restaurant, car rental, ironing",12.971485,77.626269,Trinity Suites,+91 9821344568,4166,Hotel,4,10,,,https://www.mistay.in/hotels-in-bangalore/trinity-suites/
"23/1 Hunasamarenhalli, Kempegowda International Airport Road",hello@mistay.in,"wifi, parking, doctor on call, laundry system, luggage room, travel desk, pay by card, elevator",13.148317,77.619696,Airport Gateway Hotel,+91 9821344568,1667,Hotel,4,10,,,https://www.mistay.in/hotels-in-bangalore/airport-gateway-hotel/
"No 38/2, Near Sagar Hospital, 30th Cross Bannerghatta - Tilak Nagar Cross Road, Bengaluru, Karnataka 560041",hello@mistay.in,"wifi, parking, foreign exchange, doctor on call, laundry system, luggage room, travel desk, pay by card, fax, news paper, elevator, car rental, ironing",12.928362,77.598295,Hotel Viva,+91 9821344568,1905,Hotel,4.0,6,,,https://www.mistay.in/hotels-in-bangalore/hotel-viva/
"Site No. 1864, 5th Block,
1st Stage, HBR Layout,
Bengaluru, Karnataka 560043",hello@mistay.in,"wifi, parking, conference hall, foreign exchange, doctor on call, laundry system, luggage room, travel desk, pay by card, fax, smoke detector, elevator, car rental, ironing",13.037784,77.624949,Gokula Inn,+91 9821344568,2501,Hotel,4,10,,,https://www.mistay.in/hotels-in-bangalore/gokula-inn/
"Site 1 sy No 15 Sidedahalli  Main Road  Near Bone Mill bus stop  SR Lay out ,Nagasandra post",hello@mistay.in,"wifi, parking, foreign exchange, doctor on call, laundry system, luggage room, travel desk, pay by card, car rental, ironing",13.061737,77.495582,Hotel Siri Vybhava Residency,+91 9821344568,2382,Hotel,4,10,,,https://www.mistay.in/hotels-in-bangalore/hotel-siri-vybhava-residency/
"Temple Tree Studios #11/1, Alfred street,  Richmond Town,Bangalore-560025",hello@mistay.in,"wifi, parking, laundry system, pay by card, elevator, restaurant, car rental, ironing",12.961819,77.603817,Temple Tree Studio,+91 9821344568,3156,Hotel,4.0,27,,,https://www.mistay.in/hotels-in-bangalore/temple-tree-studios/
"Old No. 78/3, New No. 1/3, Kaveri Arcade, 1st Cross, 1st Main, S G Palya, Tavarekere Main Road,, 560029",hello@mistay.in,"wifi, parking, gym, foreign exchange, doctor on call, laundry system, luggage room, travel desk, pay by card, news paper, smoke detector, elevator, restaurant, car rental, ironing",12.933213,77.609487,Apple Tree Apart Hotel,+91 9821344568,3570,Hotel,4,10,,,https://www.mistay.in/hotels-in-bangalore/hotel-apple-tree-apartment-suites/
"28th C Cross Rd, Near BMTC Bus Stand, Geetha Colony, 4th T Block East, 4th Block, Jayanagar, Bengaluru, Karnataka 560041",hello@mistay.in,"wifi, laundry system, luggage room, travel desk, elevator, ironing",12.929461,77.585348,Monarch International,+91 9821344568,2261,Hotel,4.0,34,,,https://www.mistay.in/hotels-in-bangalore/monarch-international/
"#10, Bhavani layout, Next to Sagar Automobiles, Bannerghatta road, Bengaluru",hello@mistay.in,"wifi, parking, banquet hall, doctor on call, laundry system, luggage room, travel desk, pay by card, news paper, elevator, restaurant, ironing",12.930980,77.600900,Hotel Savoury Seashell Residency,+91 9821344568,2657,Hotel,3.5,35,,,https://www.mistay.in/hotels-in-bangalore/hotel-savoury-seashell-residency/
"2/9, Dr. Raj kumar Rd, Rajajinagar, Bengaluru, Karnataka 560010",hello@mistay.in,"wifi, parking, gym, bar, conference hall, banquet hall, foreign exchange, laundry system, luggage room, travel desk, pay by card, smoke detector, elevator, restaurant, car rental, ironing",12.988259,77.558444,Abhimaani Vasathi,+91 9821344568,3334,Hotel,4.5,265,,,https://www.mistay.in/hotels-in-bangalore/abhimaani-vasathi/
"1504, 16th Cross, 9th Main, 3rd Block, near Ramakrishna Super Speciality Hospital, Jayanagar, Bengaluru, Karnataka 560011",hello@mistay.in,"wifi, parking, gym, conference hall, banquet hall, foreign exchange, doctor on call, laundry system, luggage room, travel desk, pay by card, fax, news paper, elevator, restaurant, car rental",12.935943,77.583683,Hotel Pai Viceroy,+91 9821344568,3811,Hotel,4.0,314,,,https://www.mistay.in/hotels-in-bangalore/hotel-pai-viceroy/
"Near Viva Toyota,Chandramouleshwara Layout, Kempegowda International Airport Road,Hunasemaranahalli, Bengaluru",hello@mistay.in,"wifi, parking, foreign exchange, doctor on call, laundry system, luggage room, travel desk, pay by card, news paper, elevator, restaurant, car rental, ironing",13.147325,77.620639,Tranzotel Bangalore Airport,+91 9821344568,2382,Hotel,4.0,33,,,https://www.mistay.in/hotels-in-bangalore/tranzotel-bangalore-airport/
"No.53, Behind Leela Palace, Opp Manipal Hospital, Kodihalli, Bangalore",hello@mistay.in,"wifi, parking, conference hall, banquet hall, foreign exchange, doctor on call, laundry system, travel desk, pay by card, news paper, elevator, restaurant, ironing",12.967095,77.649908,Royal Shades Hotel,+91 9821344568,2024,Hotel,3.5,13,,,https://www.mistay.in/hotels-in-bangalore/royal-shades-hotel/
"No. 60. RMV 2nd Stage, Dollars Colony, MLA Layout Bangalore 560094",hello@mistay.in,"wifi, parking, conference hall, banquet hall, foreign exchange, doctor on call, laundry system, luggage room, travel desk, pay by card, smoke detector, elevator, restaurant, car rental, ironing",13.042679,77.565957,Crimson Lotus Bangalore,+91 9821344568,4168,Hotel,4,10,,,https://www.mistay.in/hotels-in-bangalore/crimson-lotus-bangalore/
"""No-43,AT Street, Opp, Railway Station,Yeshwanthpur,Bangalore-560022",hello@mistay.in,"wifi, parking, travel desk",13.038897,77.624916,Vijaya Lakshmi Residency,+91 9821344568,1784,Hotel,5.0,21,,,https://www.mistay.in/hotels-in-bangalore/hotel-raj-elegance/
"#39/2, 5th Cross, near Iblur Bus Stop, Sarjapur Outer Ring Road, HSR Layout, Bangalore",hello@mistay.in,"wifi, parking, doctor on call, laundry system, luggage room, travel desk, pay by card, news paper, elevator, restaurant, car rental, ironing",12.921264,77.663465,Hotel MoveInn,+91 9821344568,2977,Hotel,4.5,7,,,https://www.mistay.in/hotels-in-bangalore/hotel-moveinn/
"9, 100 Feet Inner Ring Road, Koramangala, Bengaluru",hello@mistay.in,"wifi, parking, gym, bar, conference hall, banquet hall, foreign exchange, doctor on call, laundry system, luggage room, travel desk, pay by card, fax, news paper, smoke detector, restaurant, ironing",12.938615,77.629933,Shilton Royale,+91 9821344568,3989,Hotel,4.0,158,,,https://www.mistay.in/hotels-in-bangalore/shilton-royale/
# 20 6TH cross Gandhinagar Bangalore,hello@mistay.in,"wifi, parking, foreign exchange, doctor on call, laundry system, luggage room, travel desk, pay by card, smoke detector, elevator, restaurant, car rental, ironing",12.979096,77.577905,Gavishree Residency,+91 9821344568,2977,Hotel,4.0,8,,,https://www.mistay.in/hotels-in-bangalore/gavishreeresidenecy/
"Plot No. 22, Near Kanishka Hotel, 2nd Main Road, Gandhi Nagar, Bengaluru, Karnataka 560009",hello@mistay.in,"wifi, parking, luggage room, pay by card",12.977510,77.579360,Treebo Trend Hotel Kanthi Comforts,+91 9821344568,1427,Hotel,4,10,,,https://www.mistay.in/hotels-in-bangalore/treebo-trend-hotel-kanthi-comforts/
"E-39, Smondoville Road, Neotown Electronic City Phase 1, Bengaluru",hello@mistay.in,"wifi, swimming pool, parking, gym, conference hall, banquet hall, doctor on call, laundry system, luggage room, travel desk, pay by card, fax, news paper, elevator, restaurant, car rental, ironing",12.821848,77.659211,Starlit Suites,+91 9821344568,3572,Hotel,4.5,158,,,https://www.mistay.in/hotels-in-bangalore/starlit-suites/
"#31, NH-7, Vidhyanagar cross, Kempegowda Int'l Airport Rd, Bengaluru, Karnataka 562157",hello@mistay.in,"wifi, parking, luggage room, pay by card",13.157430,77.625330,Treebo Trend S M Royal Stay,+91 9821344568,1070,Hotel,4,10,,,https://www.mistay.in/hotels-in-bangalore/treebo-trend-s-m-royal-stay/
"#412/353, BB Main Road, Yelahanka Old Town",hello@mistay.in,"wifi, parking, luggage room, pay by card",13.100130,77.598100,Treebo Trend Rotano Suites,+91 9821344568,1427,Hotel,4,10,,,https://www.mistay.in/hotels-in-bangalore/treebo-trend-rotano-suites/
"#83, St Thomas Town, Kammanahalli Main Road, Banasawadi, Bangalore",hello@mistay.in,"wifi, parking, bar, conference hall, banquet hall, foreign exchange, doctor on call, laundry system, luggage room, travel desk, pay by card, fax, news paper, smoke detector, elevator, restaurant, car rental, ironing",13.014895,77.635555,Nandhana Vista,+91 9821344568,2977,Hotel,3.5,54,,,https://www.mistay.in/hotels-in-bangalore/nandhana-vista/
"#2448, 16th B Main, A Cross, HAL 2nd Stage, Indiranagar",hello@mistay.in,"wifi, parking, luggage room, pay by card",12.965130,77.644550,Treebo Trend Mel's Suites,+91 9821344568,1546,Hotel,4,10,,,https://www.mistay.in/hotels-in-bangalore/treebo-trend-mels-suites/
158 5TH CROSS GANDHINAGAR BANGALORE KARNATAKA INDIA,hello@mistay.in,"wifi, parking, foreign exchange, doctor on call, laundry system, travel desk, pay by card, smoke detector, elevator, car rental, ironing",12.978598,77.578713,Hotel Sandesh Kingston,+91 9821344568,2620,Hotel,3.5,35,,,https://www.mistay.in/hotels-in-bangalore/hotel-sandesh-kingston/
"Plot No. 62 13th Main, 18th Cross Rd, 7th Sector, HSR Layout, Bengaluru, Karnataka 560034",hello@mistay.in,"wifi, parking, luggage room, pay by card",12.911040,77.637460,Treebo Trip Shree Comforts,+91 9821344568,1427,Hotel,4,10,,,https://www.mistay.in/hotels-in-bangalore/treebo-trip-shree-comforts/
"No 9/1, Platform Road,Seshadripuram, Bangalore",hello@mistay.in,"wifi, swimming pool, parking, gym, bar, conference hall, banquet hall, foreign exchange, doctor on call, laundry system, luggage room, travel desk, pay by card, fax, news paper, smoke detector, discotheque, elevator, restaurant, car rental, ironing",12.986730,77.572430,Golden Metro Hotel,+91 9821344568,3572,Hotel,3.5,66,,,https://www.mistay.in/hotels-in-bangalore/golden-metro-hotel/
No 57/1 Opposite to Suggi Dhaba next to tikki village hessarghatta main road banglore-90,hello@mistay.in,"wifi, parking, travel desk",13.108631,77.483919,Parin Comforts,+91 9821344568,2380,Hotel,4,10,,,https://www.mistay.in/hotels-in-bangalore/parin-comforts/
"No. 637, ""C"" Block, 1st Main Road, AECS Layout, Brookefields,Kundalahalli, Bangalore -560037",hello@mistay.in,"wifi, parking, gym, conference hall, banquet hall, doctor on call, laundry system, luggage room, travel desk, pay by card, smoke detector, elevator, restaurant, ironing",12.964108,77.714527,The Kensington Suites,+91 9821344568,3570,Hotel,5.0,1,,,https://www.mistay.in/hotels-in-bangalore/the-kensington-suites/
"52 & 56 Opposite. Shetron & Canara Bank, Bommasandra, Hosur Rd, Industrial Area, Bengaluru, Karnataka 560099",hello@mistay.in,"wifi, swimming pool, parking, gym, bar, conference hall, banquet hall, spa facility, foreign exchange, doctor on call, laundry system, luggage room, travel desk, pay by card, smoke detector, elevator, restaurant, car rental, ironing",12.823763,77.687868,Gardeenia Comforts,+91 9821344568,4049,Hotel,4,10,,,https://www.mistay.in/hotels-in-bangalore/gardeenia-comfortes/
"#19, H Siddaiah road, Off JC road, before Urvasi & opp B Lions eye clinic, Bangalore",hello@mistay.in,"wifi, swimming pool, parking, bar, conference hall, banquet hall, spa facility, foreign exchange, doctor on call, laundry system, luggage room, pay by card, fax, news paper, smoke detector, elevator, restaurant, car rental, ironing",12.956810,77.583450,Springs Hotel and Spa,+91 9821344568,3572,Hotel,4.0,302,,,https://www.mistay.in/hotels-in-bangalore/springs-hotel-and-spa/
"2, Ulsoor Rd, Yellappa Chetty Layout, Sivanchetti Gardens",hello@mistay.in,"wifi, parking, gym, foreign exchange, doctor on call, laundry system, luggage room, travel desk, pay by card, fax, elevator, restaurant, car rental, ironing",12.975587,77.617297,Shilton Suites,+91 9821344568,5359,Hotel,4.0,59,,,https://www.mistay.in/hotels-in-bangalore/shilton-suites/
"#4033, 100 ft Road, Next to Domlur Flyover, Indiranagar, HAL II Stage, Bangalore",hello@mistay.in,"wifi, parking, gym, bar, conference hall, banquet hall, foreign exchange, doctor on call, laundry system, luggage room, travel desk, pay by card, fax, news paper, smoke detector, elevator, restaurant, car rental, ironing",12.962105,77.641760,Nandhana Hometel,+91 9821344568,3572,Hotel,4.0,85,,,https://www.mistay.in/hotels-in-bangalore/nandhana-hometel/
"NO 707 6th B Cross 3rd Block Koramangala, Behind B D A Complex Bangalore 560095",hello@mistay.in,"wifi, parking, banquet hall, foreign exchange, doctor on call, laundry system, luggage room, travel desk, pay by card, fax, smoke detector, elevator, restaurant, car rental, ironing",12.930600,77.623560,Wafi Suites by Rofeka Hospitality,+91 9821344568,2975,Hotel,4.5,18,,,https://www.mistay.in/hotels-in-bangalore/wafi-suites/
"Plot No.34, Central St, Shivaji Nagar, Bengaluru, Karnataka 560001",hello@mistay.in,"wifi, travel desk, pay by card, elevator",12.981288,77.602921,Galaxy comfert inn,+91 9821344568,2380,Hotel,4,10,,,https://www.mistay.in/hotels-in-bangalore/galaxy-comfert-inn/
"Medhini Arcade, No. 47,2nd floor, Opposite Narayana Hrudayalaya Hospital,bommasandra,Bengaluru, Karnataka 560099",hello@mistay.in,"wifi, parking, luggage room, pay by card",12.805720,77.700270,Treebo Trend The Galaxy,+91 9821344568,1546,Hotel,4,10,,,https://www.mistay.in/hotels-in-bangalore/treebo-trend-the-galaxy/
"#1319, 100 Feet Road J.P. Nagar 2nd Phase, Bengaluru, Karnataka 560078",hello@mistay.in,"wifi, parking, conference hall, foreign exchange, doctor on call, laundry system, luggage room, travel desk, pay by card, fax, news paper, elevator, restaurant, car rental, ironing",12.916690,77.589903,Hotel Pai Comforts,+91 9821344568,3572,Hotel,4.0,135,,,https://www.mistay.in/hotels-in-bangalore/hotel-pai-comforts/
"No.1, 1st Floor, Outer Ring Road, Next to Reliance Fresh, Munenkollal, Marathahalli, Bangalore",hello@mistay.in,"wifi, parking, bar, foreign exchange, doctor on call, laundry system, luggage room, travel desk, pay by card, fax, news paper, smoke detector, elevator, restaurant, car rental, ironing",12.949245,77.699393,Nandhana Comforts,+91 9821344568,2382,Hotel,4.0,33,,,https://www.mistay.in/hotels-in-bangalore/nandhana-comforts/
"#52, 5th Cross, 6th Block, 60ft Road, Koramangala",hello@mistay.in,"wifi, parking, gym, bar, conference hall, banquet hall, foreign exchange, doctor on call, laundry system, luggage room, travel desk, pay by card, fax, news paper, smoke detector, elevator, restaurant, car rental, ironing",12.936040,77.621475,Nandhana Grand,+91 9821344568,3572,Hotel,4.0,182,,,https://www.mistay.in/hotels-in-bangalore/nandhana-grand/
"542, 60 Feet Rd, B Block, AECS Layout, Marathahalli, Bengaluru, Karnataka 560037",hello@mistay.in,"wifi, parking, luggage room, pay by card",12.964250,77.715020,Treebo Trend Emora Hotel And Suites Brookfield,+91 9821344568,1427,Hotel,4,10,,,https://www.mistay.in/hotels-in-bangalore/treebo-trend-emora-hotel-and-suites-brookfield/
# 19 OLD # 323 1ST MAIN ROAD CAMBRIDGE LAYOUT BANGALORE 560008,hello@mistay.in,"wifi, parking, luggage room, pay by card, smoke detector, elevator, restaurant, ironing",12.968471,77.631576,Apollo Greens,+91 9821344568,3572,Hotel,4.5,27,,,https://www.mistay.in/hotels-in-bangalore/apollo-greens/
"#93, Residency Rd, Shanthala Nagar, Ashok Nagar, Bengaluru, Karnataka 560025",hello@mistay.in,"wifi, parking, elevator",12.971420,77.605759,Nexstay Rainbow Business Hotel,+91 9821344568,1732,Hotel,3.0,22,,,https://www.mistay.in/hotels-in-bangalore/nexstay-rainbow-business-hotel/
"Royal Comfort Building, Meenakunte House, opp. ITC Factory, Doddajala, International Airport Road, Bangalore",hello@mistay.in,"wifi, parking, foreign exchange, doctor on call, laundry system, luggage room, travel desk, pay by card, fax, news paper, restaurant, car rental, ironing",13.183227,77.641513,Housefinch Residency,+91 9821344568,2322,Hotel,3.0,15,,,https://www.mistay.in/hotels-in-bangalore/housefinch-residency/
"26-A, Electronic City Phase I, Neeladri Nagar, Electronics City Phase 1, HSR Layout, Bengaluru",hello@mistay.in,"wifi, swimming pool, parking, gym, bar, foreign exchange, doctor on call, laundry system, luggage room, travel desk, pay by card, news paper, smoke detector, elevator, restaurant, car rental, ironing",12.844990,77.665420,Zone By The Park E City Bengaluru,+91 9821344568,3572,Hotel,4.5,146,,,https://www.mistay.in/hotels-in-bangalore/zone-by-the-park-e-city-bengaluru/
"157,158 10th A Main Road & 6th Cross Behind E Zone, 1st Block, Jaya Nagar East, Jaya Nagar, Bangaluru",hello@mistay.in,"wifi, parking, doctor on call, laundry system, travel desk, pay by card, news paper, restaurant",12.939390,77.586090,Lords Eco Inn Jayanagar,+91 9821344568,2977,Hotel,4.0,45,,,https://www.mistay.in/hotels-in-bangalore/lords-eco-inn-jayanagar/
NO 54 BRIGADE ROAD BANGALORE - 560001,hello@mistay.in,"wifi, parking, conference hall, banquet hall, foreign exchange, doctor on call, laundry system, luggage room, travel desk, pay by card, fax, smoke detector, elevator, restaurant, car rental, ironing",12.972790,77.607540,The Monarch hotel,+91 9821344568,2618,Hotel,4.5,513,,,https://www.mistay.in/hotels-in-bangalore/the-monarch-hotel/
"KTPO,120 ,santhosh towers EPIP,ITPL main road,Whitefield 560066",hello@mistay.in,"wifi, swimming pool, parking, gym, conference hall, spa facility, doctor on call, pay by card, restaurant",12.977250,77.724860,Aerostay  by Chris hotel,+91 9821344568,2382,Hotel,4,10,,,https://www.mistay.in/hotels-in-bangalore/aerostay-by-chris-hotel/
"644,3rd Main Road, 10 Th Cross Rk Township, Yarandanahalli Bangalore 560099",hello@mistay.in,"wifi, travel desk, pay by card",13.098460,77.588860,Skanda Shree Hotel,+91 9821344568,1308,Hotel,2.0,1,,,https://www.mistay.in/hotels-in-bangalore/skanda-shree-hotel/
"27 Rest House Road, Off Brigade Road, Bangalore , Karnataka, Bengaluru, India",hello@mistay.in,"wifi, parking, gym, bar, banquet hall, laundry system, travel desk, pay by card, elevator, restaurant, car rental",12.973872,77.606630,Mango Hotels Purple Brigade,+91 9821344568,5120,Hotel,4.0,11,,,https://www.mistay.in/hotels-in-bangalore/mango-hotels-purple-brigade/
"# 24, Bellary Road, Near Baptist Hospital, Vinayakanagar, Hebbal, Bengaluru, Karnataka 560024",hello@mistay.in,"wifi, parking, bar, conference hall, banquet hall, foreign exchange, doctor on call, laundry system, luggage room, travel desk, pay by card, fax, smoke detector, elevator, restaurant, car rental, ironing",13.036577,77.589596,The Royale Senate Hebbal,+91 9821344568,4763,Hotel,4.0,89,,,https://www.mistay.in/hotels-in-bangalore/the-royale-senate-hebbal/
"No. 39/5, Marathahalli Outer Ring Road, Brindavan Extension, Doddanekundi, Doddanekkundi, Bengaluru, Karnataka 560037",hello@mistay.in,"wifi, parking, travel desk, pay by card, elevator",12.978859,77.694629,Sarovar Portico Outer Ring Road Bengaluru,+91 9821344568,5954,Hotel,4.0,38,,,https://www.mistay.in/hotels-in-bangalore/sarovar-portico-outer-ring-road-bengaluru/
"648/B, 1st main Road, 1st stage Binnamangala, Indiranagar, Bangalore.",hello@mistay.in,"wifi, parking, foreign exchange, doctor on call, laundry system, luggage room, travel desk, pay by card, elevator, restaurant, car rental, ironing",12.982952,77.637949,Regenta Inn Indiranagar by Royal Orchid Hotels,+91 9821344568,3572,Hotel,4.0,9,,,https://www.mistay.in/hotels-in-bangalore/regenta-inn-indiranagar-by-royal-orchid-hotels/
"132, Thanisandra Main Road, Near Manyata Embassy Business Park, Nagawara Junction, Bengaluru - 560077",hello@mistay.in,"wifi, swimming pool, parking, gym, bar, conference hall, banquet hall, spa facility, doctor on call, laundry system, luggage room, travel desk, pay by card, smoke detector, elevator, restaurant, car rental, ironing",13.044754,77.626423,Howard Johnson by Wyndham Bangalore,+91 9821344568,7381,Hotel,4.5,1026,,,https://www.mistay.in/hotels-in-bangalore/howard-johnson-by-wyndham/
"Davanam Plaza, Opp Madiwala Police Station, Hosur Main Road, Koramangala, Bengaluru, Karnataka 560068",hello@mistay.in,"wifi, swimming pool, parking, gym, bar, conference hall, banquet hall, spa facility, foreign exchange, doctor on call, laundry system, luggage room, travel desk, pay by card, fax, news paper, smoke detector, discotheque, elevator, restaurant, car rental, ironing",12.921927,77.620394,Davanam Sarovar Portico Suites,+91 9821344568,5954,Hotel,4.5,794,,,https://www.mistay.in/hotels-in-bangalore/davanam-sarovar-portico-suites/
"14/7, Mahatma Gandhi Road, Yellappa Garden, Yellappa Chetty Layout, Sivanchetti Gardens, Bengaluru",hello@mistay.in,"wifi, swimming pool, parking, gym, bar, conference hall, banquet hall, spa facility, foreign exchange, doctor on call, laundry system, luggage room, travel desk, pay by card, fax, news paper, smoke detector, discotheque, elevator, restaurant, car rental, ironing",12.973968,77.619625,The Park Bangalore,+91 9821344568,7145,Hotel,4.0,1950,,,https://www.mistay.in/hotels-in-bangalore/the-park-bangalore/
"NO 3/3,3/4,3/5, cafe coffee day building, near hope farm, white field main road, Bangalore 560066.",hello@mistay.in,"wifi, parking, foreign exchange, doctor on call, laundry system, luggage room, travel desk, pay by card, elevator, restaurant",12.979300,77.751236,Cresto Rooms,+91 9821344568,2143,Hotel,4,10,,,https://www.mistay.in/hotels-in-bangalore/cresto-rooms/
